"Generation","Fitness"
"0","75.22915511594441"
"1","62.953605309165845"
"2","67.05454704669505"
"3","60.20375357082533"
"4","57.90422858044758"
"5","57.90422858044758"
"6","55.06347786628252"
"7","59.28394357467414"
"8","59.28394357467414"
"9","55.06347786628252"
"10","0.0"
