"Generation","Fitness"
"0","72.68164185936885"
"1","72.68164185936887"
"2","55.92931073180866"
"3","55.92931073180866"
"4","55.92931073180866"
"5","0.0"
